[
    {
        "education": "10th"
    },
    {
        "education": "12th"
    },
    {
        "education": "B.A."
    },
    {
        "education": "M.A"
    },
    {
        "education": "B.com"
    },
    {
        "education": "M.com"
    },
    {
        "education": "BSC"
    },
    {
        "education": "MSC"
    },
    {
        "education": "BCA"
    },
    {
        "education": "BCS"
    },
    {
        "education": "MCA"
    },
    {
        "education": "B.E/BTech"
    },
    {
        "education": "M.E/MTech"
    },
    {
        "education": "M.S"
    },
    {
        "education": "B Pharma"
    },
    {
        "education": "M Pharma"
    },
    {
        "education": "BHMS"
    },
    {
        "education": "MBBS"
    },
    {
        "education": "Dentist"
    },
    {
        "education": "BAMS"
    },
    {
        "education": "Other"
    }
]