[
    {
        "height": "4.1"
    },
    {
        "height": "4.2"
    },
    {
        "height": "4.3"
    },
    {
        "height": "4.4"
    },
    {
        "height": "4.5"
    },
    {
        "height": "4.6"
    },
    {
        "height": "4.7"
    },
    {
        "height": "4.8"
    },
    {
        "height": "4.9"
    },
    {
        "height": "4.10"
    },
    {
        "height": "4.11"
    },
    {
        "height": "5.0"
    },
    {
        "height": "5.1"
    },
    {
        "height": "5.2"
    },
    {
        "height": "5.3"
    },
    {
        "height": "5.4"
    },
    {
        "height": "5.5"
    },
    {
        "height": "5.6"
    },
    {
        "height": "5.7"
    },
    {
        "height": "5.8"
    },
    {
        "height": "5.9"
    },
    {
        "height": "5.10"
    },
    {
        "height": "5.11"
    },
    {
        "height": "6.0"
    },
    {
        "height": "6.1"
    },
    {
        "height": "6.2"
    },
    {
        "height": "6.3"
    },
    {
        "height": "6.4"
    }
]